Location,Post Town,Location String
Abbey Wood,LONDON,abbey wood london
Acton,LONDON,acton london
Addington,CROYDON,addington croydon
Addiscombe,CROYDON,addiscombe croydon
Albany Park,BEXLEY: SIDCUP,albany park bexley
Aldborough Hatch,ILFORD,aldborough hatch ilford
Aldgate,LONDON,aldgate london
Aldwych,LONDON,aldwych london
Alperton,WEMBLEY,alperton wembley
Anerley,LONDON,anerley london
Angel,LONDON,angel london
Aperfield,WESTERHAM,aperfield westerham
Archway,LONDON,archway london
Ardleigh Green,HORNCHURCH,ardleigh green hornchurch
Arkley,BARNET: LONDON,arkley barnet
Arnos Grove,LONDON,arnos grove london
Balham,LONDON,balham london
Bankside,LONDON,bankside london
Barbican,LONDON,barbican london
Barking,BARKING,barking barking
Barkingside,ILFORD,barkingside ilford
Barnehurst,BEXLEYHEATH,barnehurst bexleyheath
Barnes,LONDON,barnes london
Barnes Cray,DARTFORD,barnes cray dartford
Barnet Gate,LONDON: BARNET,barnet gate london
Barnet,BARNET,barnet barnet
Barnsbury,LONDON,barnsbury london
Battersea,LONDON,battersea london
Bayswater,LONDON,bayswater london
Beckenham,BECKENHAM: LONDON,beckenham beckenham
Beckton,LONDON: BARKING,beckton london
Becontree,DAGENHAM,becontree dagenham
Becontree Heath,DAGENHAM,becontree heath dagenham
Beddington,WALLINGTON: CROYDON,beddington wallington
Bedford Park,LONDON,bedford park london
Belgravia,LONDON,belgravia london
Bellingham,LONDON,bellingham london
Belmont,HARROW: STANMORE,belmont harrow
Belmont,SUTTON,belmont sutton
Belsize Park,LONDON,belsize park london
Belvedere,BELVEDERE,belvedere belvedere
Bermondsey,LONDON,bermondsey london
Berrylands,SURBITON,berrylands surbiton
Bethnal Green,LONDON,bethnal green london
Bexley,BEXLEY,bexley bexley
Bexleyheath,BEXLEYHEATH: LONDON,bexleyheath bexleyheath
Bickley,BROMLEY,bickley bromley
Biggin Hill,WESTERHAM,biggin hill westerham
Blackfen,SIDCUP,blackfen sidcup
Blackfriars,LONDON,blackfriars london
Blackheath,LONDON,blackheath london
Blackheath Royal Standard,LONDON,blackheath royal standard london
Blackwall,LONDON,blackwall london
Blendon,BEXLEY,blendon bexley
Bloomsbury,LONDON,bloomsbury london
Botany Bay,ENFIELD,botany bay enfield
Bounds Green,LONDON,bounds green london
Bow,LONDON,bow london
Bowes Park,LONDON,bowes park london
Brentford,BRENTFORD,brentford brentford
Brent Cross,LONDON,brent cross london
Brent Park,LONDON,brent park london
Brimsdown,ENFIELD,brimsdown enfield
Brixton,LONDON,brixton london
Brockley,LONDON,brockley london
Bromley,BROMLEY,bromley bromley
Bromley,LONDON,bromley london
Bromley Common,BROMLEY,bromley common bromley
Brompton,LONDON,brompton london
Brondesbury,LONDON,brondesbury london
Brunswick Park,LONDON,brunswick park london
Bulls Cross,ENFIELD,bulls cross enfield
Burnt Oak,EDGWARE,burnt oak edgware
Burroughs: The,LONDON,burroughs: the london
Camberwell,LONDON,camberwell london
Cambridge Heath,LONDON,cambridge heath london
Camden Town,LONDON,camden town london
Canary Wharf,LONDON,canary wharf london
Cann Hall,LONDON,cann hall london
Canning Town,LONDON,canning town london
Canonbury,LONDON,canonbury london
Carshalton,CARSHALTON,carshalton carshalton
Castelnau,LONDON,castelnau london
Castle Green,DAGENHAM,castle green dagenham
Catford,LONDON,catford london
Chadwell Heath,ROMFORD,chadwell heath romford
Chalk Farm,LONDON,chalk farm london
Charing Cross,LONDON,charing cross london
Charlton,LONDON,charlton london
Chase Cross,ROMFORD,chase cross romford
Cheam,SUTTON/MERTON,cheam sutton/merton
Chelsea,LONDON,chelsea london
Chelsfield,ORPINGTON,chelsfield orpington
Chessington,CHESSINGTON,chessington chessington
Childs Hill,LONDON,childs hill london
Chinatown,LONDON,chinatown london
Chinbrook,LONDON,chinbrook london
Chingford,LONDON,chingford london
Chislehurst,CHISLEHURST,chislehurst chislehurst
Chiswick,LONDON,chiswick london
Church End,LONDON,church end london
Church End,LONDON,church end london
Clapham,LONDON,clapham london
Clerkenwell,LONDON,clerkenwell london
Cockfosters,BARNET,cockfosters barnet
Colindale,LONDON,colindale london
Collier Row,ROMFORD,collier row romford
Colliers Wood,LONDON,colliers wood london
Colney Hatch,LONDON,colney hatch london
Colyers,ERITH,colyers erith
Coney Hall,WEST WICKHAM,coney hall west wickham
Coombe,CROYDON,coombe croydon
Coombe,KINGSTON UPON THAMES,coombe kingston upon thames
Coulsdon,COULSDON,coulsdon coulsdon
Covent Garden,LONDON,covent garden london
Cowley,UXBRIDGE,cowley uxbridge
Cranford,HOUNSLOW,cranford hounslow
Cranham,UPMINSTER,cranham upminster
Crayford,DARTFORD,crayford dartford
Creekmouth,BARKING,creekmouth barking
Crews Hill,ENFIELD,crews hill enfield
Cricklewood,LONDON,cricklewood london
Crofton Park,LONDON,crofton park london
Crook Log,BEXLEYHEATH,crook log bexleyheath
Crossness,LONDON,crossness london
Crouch End,LONDON,crouch end london
Croydon,CROYDON,croydon croydon
Crystal Palace,LONDON,crystal palace london
Cubitt Town,LONDON,cubitt town london
Cudham,SEVENOAKS,cudham sevenoaks
Custom House,LONDON,custom house london
Dagenham,DAGENHAM,dagenham dagenham
Dalston,LONDON,dalston london
De Beauvoir Town,LONDON,de beauvoir town london
Denmark Hill,LONDON,denmark hill london
Deptford,LONDON,deptford london
Derry Downs,ORPINGTON,derry downs orpington
Dollis Hill,LONDON,dollis hill london
Downe,ORPINGTON,downe orpington
Downham,BROMLEY,downham bromley
Dulwich,LONDON,dulwich london
Ealing,LONDON,ealing london
Earls Court,LONDON,earls court london
Earlsfield,LONDON,earlsfield london
East Barnet,BARNET,east barnet barnet
East Bedfont,FELTHAM,east bedfont feltham
East Dulwich,LONDON,east dulwich london
East Finchley,LONDON,east finchley london
East Ham,LONDON,east ham london
East Sheen,LONDON,east sheen london
East Wickham,WELLING,east wickham welling
Eastcote,PINNER,eastcote pinner
Eden Park,BECKENHAM,eden park beckenham
Edgware,EDGWARE,edgware edgware
Edmonton,LONDON,edmonton london
Eel Pie Island,TWICKENHAM,eel pie island twickenham
Elephant and Castle,LONDON,elephant and castle london
Elm Park,HORNCHURCH,elm park hornchurch
Elmers End,BECKENHAM,elmers end beckenham
Elmstead,CHISLEHURST,elmstead chislehurst
Eltham,LONDON,eltham london
Emerson Park,HORNCHURCH,emerson park hornchurch
Enfield Highway,ENFIELD,enfield highway enfield
Enfield Lock,ENFIELD,enfield lock enfield
Enfield Town,ENFIELD,enfield town enfield
Enfield Wash,ENFIELD,enfield wash enfield
Erith,ERITH,erith erith
Falconwood,LONDON: WELLING,falconwood london
Farringdon,LONDON,farringdon london
Feltham,FELTHAM,feltham feltham
Finchley,LONDON,finchley london
Finsbury,LONDON,finsbury london
Finsbury Park,LONDON,finsbury park london
Fitzrovia,LONDON,fitzrovia london
Foots Cray,SIDCUP,foots cray sidcup
Forest Gate,LONDON,forest gate london
Forest Hill,LONDON,forest hill london
Forestdale,CROYDON,forestdale croydon
Fortis Green,LONDON,fortis green london
Freezywater,ENFIELD,freezywater enfield
Friern Barnet,LONDON,friern barnet london
Frognal,LONDON,frognal london
Fulham,LONDON,fulham london
Fulwell,TEDDINGTON: HAMPTON,fulwell teddington
Gallows Corner,ROMFORD,gallows corner romford
Gants Hill,ILFORD,gants hill ilford
Gidea Park,ROMFORD,gidea park romford
Gipsy Hill,LONDON,gipsy hill london
Goddington,ORPINGTON,goddington orpington
Golders Green,LONDON,golders green london
Goodmayes,ILFORD,goodmayes ilford
Gospel Oak,LONDON,gospel oak london
Grahame Park,LONDON,grahame park london
Grange Park,LONDON,grange park london
Greenford,GREENFORD,greenford greenford
Greenwich,LONDON,greenwich london
Grove Park,LONDON,grove park london
Grove Park,LONDON,grove park london
Gunnersbury,LONDON,gunnersbury london
Hackney,LONDON,hackney london
Hackney Central,LONDON,hackney central london
Hackney Marshes,LONDON,hackney marshes london
Hackney Wick,LONDON,hackney wick london
Hadley Wood,BARNET,hadley wood barnet
Haggerston,LONDON,haggerston london
Hainault,CHIGWELL,hainault chigwell
The Hale,LONDON,the hale london
Ham,RICHMOND,ham richmond
Hammersmith,LONDON,hammersmith london
Hampstead,LONDON,hampstead london
Hampstead Garden Suburb,LONDON,hampstead garden suburb london
Hampton,HAMPTON,hampton hampton
Hampton Hill,HAMPTON,hampton hill hampton
Hampton Wick,KINGSTON UPON THAMES,hampton wick kingston upon thames
Hanwell,LONDON,hanwell london
Hanworth,FELTHAM,hanworth feltham
Harefield,UXBRIDGE,harefield uxbridge
Harlesden,LONDON,harlesden london
Harlington,HAYES,harlington hayes
Harmondsworth,WEST DRAYTON,harmondsworth west drayton
Harold Hill,ROMFORD,harold hill romford
Harold Park,ROMFORD,harold park romford
Harold Wood,ROMFORD,harold wood romford
Harringay,LONDON,harringay london
Harrow,HARROW,harrow harrow
Harrow on the Hill,HARROW,harrow on the hill harrow
Harrow Weald,HARROW,harrow weald harrow
Hatch End,PINNER,hatch end pinner
Hatton,FELTHAM,hatton feltham
Havering-atte-Bower,ROMFORD,havering-atte-bower romford
Hayes,BROMLEY,hayes bromley
Hayes,HAYES,hayes hayes
Hazelwood,ORPINGTON,hazelwood orpington
Hendon,LONDON,hendon london
Herne Hill,LONDON,herne hill london
Heston,HOUNSLOW,heston hounslow
Highams Park,LONDON,highams park london
Highbury,LONDON,highbury london
Highgate,LONDON,highgate london
Hillingdon,UXBRIDGE,hillingdon uxbridge
Hither Green,LONDON,hither green london
Holborn,LONDON,holborn london
Holland Park,LONDON,holland park london
Holloway,LONDON,holloway london
Homerton,LONDON,homerton london
Honor Oak,LONDON,honor oak london
Hook,CHESSINGTON,hook chessington
Hornchurch,HORNCHURCH,hornchurch hornchurch
Horn Park,LONDON,horn park london
Hornsey,LONDON,hornsey london
Hounslow,HOUNSLOW,hounslow hounslow
Hoxton,LONDON,hoxton london
The Hyde,LONDON,the hyde london
Ickenham,UXBRIDGE,ickenham uxbridge
Ilford,ILFORD,ilford ilford
Isle of Dogs,LONDON,isle of dogs london
Isleworth,ISLEWORTH,isleworth isleworth
Islington,LONDON,islington london
Kenley,KENLEY,kenley kenley
Kennington,LONDON,kennington london
Kensal Green,LONDON,kensal green london
Kensington,LONDON,kensington london
Kentish Town,LONDON,kentish town london
Kenton,HARROW: LONDON,kenton harrow
Keston,KESTON,keston keston
Kew,RICHMOND,kew richmond
Kidbrooke,LONDON,kidbrooke london
Kilburn,LONDON,kilburn london
King's Cross,LONDON,king's cross london
Kingsbury,LONDON,kingsbury london
Kingston Vale,LONDON,kingston vale london
Kingston upon Thames,KINGSTON UPON THAMES,kingston upon thames kingston upon thames
Knightsbridge,LONDON,knightsbridge london
Ladywell,LONDON,ladywell london
Lambeth,LONDON,lambeth london
Lamorbey,SIDCUP,lamorbey sidcup
Lampton,HOUNSLOW,lampton hounslow
Lea Bridge,LONDON,lea bridge london
Leamouth,LONDON,leamouth london
Leaves Green,KESTON,leaves green keston
Lee,LONDON,lee london
Lessness Heath,BELVEDERE,lessness heath belvedere
Lewisham,LONDON,lewisham london
Leyton,LONDON,leyton london
Leytonstone,LONDON,leytonstone london
Limehouse,LONDON,limehouse london
Lisson Grove,LONDON,lisson grove london
Little Ilford,LONDON,little ilford london
Little Venice,LONDON,little venice london
Locksbottom,ORPINGTON,locksbottom orpington
Longford,WEST DRAYTON,longford west drayton
Longlands,LONDON: SIDCUP,longlands london
Lower Clapton,LONDON,lower clapton london
Lower Morden,MORDEN,lower morden morden
Loxford,ILFORD,loxford ilford
Maida Vale,LONDON,maida vale london
Malden Rushett,CHESSINGTON,malden rushett chessington
Manor House,LONDON,manor house london
Manor Park,LONDON,manor park london
Marks Gate,ROMFORD,marks gate romford
Maryland,LONDON,maryland london
Marylebone,LONDON,marylebone london
Mayfair,LONDON,mayfair london
Maze Hill,LONDON,maze hill london
Merton Park,LONDON,merton park london
Middle Park,LONDON,middle park london
Mile End,LONDON,mile end london
Mill Hill,LONDON,mill hill london
Millbank,LONDON,millbank london
Millwall,LONDON,millwall london
Mitcham,MITCHAM,mitcham mitcham
Monken Hadley,BARNET,monken hadley barnet
Morden,MORDEN,morden morden
Morden Park,MORDEN,morden park morden
Mortlake,LONDON,mortlake london
Motspur Park,NEW MALDEN,motspur park new malden
Mottingham,LONDON,mottingham london
Muswell Hill,LONDON,muswell hill london
Neasden,LONDON,neasden london
New Addington,CROYDON,new addington croydon
New Barnet,BARNET,new barnet barnet
New Cross,LONDON,new cross london
New Eltham,LONDON,new eltham london
New Malden,NEW MALDEN,new malden new malden
New Southgate,LONDON,new southgate london
Newbury Park,ILFORD,newbury park ilford
Newington,LONDON,newington london
Nine Elms,LONDON,nine elms london
Noak Hill,ROMFORD,noak hill romford
Norbiton,KINGSTON UPON THAMES,norbiton kingston upon thames
Norbury,LONDON,norbury london
North Cray,SIDCUP,north cray sidcup
North End,ERITH,north end erith
North Finchley,LONDON,north finchley london
North Harrow,HARROW,north harrow harrow
North Kensington,LONDON,north kensington london
North Ockendon,UPMINSTER,north ockendon upminster
North Sheen,RICHMOND,north sheen richmond
North Woolwich,LONDON,north woolwich london
Northolt,NORTHOLT,northolt northolt
Northumberland Heath,ERITH,northumberland heath erith
Northwood,NORTHWOOD,northwood northwood
Norwood Green,SOUTHALL,norwood green southall
Notting Hill,LONDON,notting hill london
Nunhead,LONDON,nunhead london
Oakleigh Park,LONDON,oakleigh park london
Old Coulsdon,COULSDON,old coulsdon coulsdon
Old Ford,LONDON,old ford london
Old Malden,WORCESTER PARK,old malden worcester park
Old Oak Common,LONDON,old oak common london
Orpington,ORPINGTON,orpington orpington
Osidge,LONDON,osidge london
Osterley,ISLEWORTH,osterley isleworth
Oval,LONDON,oval london
Paddington,LONDON,paddington london
Palmers Green,LONDON,palmers green london
Park Royal,LONDON,park royal london
Parsons Green,LONDON,parsons green london
Peckham,LONDON,peckham london
Penge,LONDON,penge london
Pentonville,LONDON,pentonville london
Perivale,GREENFORD,perivale greenford
Petersham,RICHMOND,petersham richmond
Petts Wood,ORPINGTON,petts wood orpington
Pimlico,LONDON,pimlico london
Pinner,PINNER,pinner pinner
Plaistow,LONDON,plaistow london
Plaistow,BROMLEY,plaistow bromley
Plumstead,LONDON,plumstead london
Ponders End,ENFIELD,ponders end enfield
Poplar,LONDON,poplar london
Pratt's Bottom,ORPINGTON,pratt's bottom orpington
Preston,WEMBLEY,preston wembley
Primrose Hill,LONDON,primrose hill london
Purley,PURLEY,purley purley
Putney,LONDON,putney london
Queen's Park,LONDON,queen's park london
Queensbury,"HARROW: STANMORE
EDGWARE: LONDON",queensbury harrow
Rainham,RAINHAM,rainham rainham
Ratcliff,LONDON,ratcliff london
Rayners Lane,PINNER,rayners lane pinner
Raynes Park,LONDON,raynes park london
Redbridge,ILFORD,redbridge ilford
Richmond,RICHMOND,richmond richmond
Riddlesdown,PURLEY,riddlesdown purley
Roehampton,LONDON,roehampton london
Romford,ROMFORD,romford romford
Rotherhithe,LONDON,rotherhithe london
Ruislip,RUISLIP,ruislip ruislip
Rush Green,ROMFORD,rush green romford
Ruxley,SIDCUP: ORPINGTON,ruxley sidcup
Sanderstead,SOUTH CROYDON,sanderstead south croydon
Sands End,LONDON,sands end london
Selhurst,LONDON,selhurst london
Selsdon,SOUTH CROYDON,selsdon south croydon
Seven Kings,ILFORD,seven kings ilford
Seven Sisters,LONDON,seven sisters london
Shacklewell,LONDON,shacklewell london
Shadwell,LONDON,shadwell london
Shepherd's Bush,LONDON,shepherd's bush london
Shirley,CROYDON,shirley croydon
Shooter's Hill,LONDON,shooter's hill london
Shoreditch,LONDON,shoreditch london
Sidcup,SIDCUP,sidcup sidcup
Silvertown,LONDON,silvertown london
Sipson,WEST DRAYTON,sipson west drayton
Slade Green,ERITH,slade green erith
Snaresbrook,LONDON,snaresbrook london
Soho,LONDON,soho london
Somerstown,LONDON,somerstown london
South Croydon,SOUTH CROYDON,south croydon south croydon
South Hackney,LONDON,south hackney london
South Harrow,HARROW,south harrow harrow
South Hornchurch,RAINHAM,south hornchurch rainham
South Kensington,LONDON,south kensington london
South Norwood,LONDON,south norwood london
South Ruislip,RUISLIP,south ruislip ruislip
South Wimbledon,LONDON,south wimbledon london
South Woodford,LONDON,south woodford london
South Tottenham,LONDON,south tottenham london
Southend,LONDON,southend london
Southall,SOUTHALL,southall southall
Southborough,BROMLEY,southborough bromley
Southfields,LONDON,southfields london
Southgate,LONDON,southgate london
Spitalfields,LONDON,spitalfields london
St Helier,MORDEN,st helier morden
St James's,LONDON,st james's london
St Margarets,TWICKENHAM,st margarets twickenham
St Giles,LONDON,st giles london
St Johns,LONDON,st johns london
St John's Wood,LONDON,st john's wood london
St Luke's,LONDON,st luke's london
St Mary Cray,ORPINGTON,st mary cray orpington
St Pancras,LONDON,st pancras london
St Paul's Cray,ORPINGTON,st paul's cray orpington
Stamford Hill,LONDON,stamford hill london
Stanmore,STANMORE,stanmore stanmore
Stepney,LONDON,stepney london
Stockwell,LONDON,stockwell london
Stoke Newington,LONDON,stoke newington london
Stonebridge,LONDON,stonebridge london
Stratford,LONDON,stratford london
Strawberry Hill,TWICKENHAM,strawberry hill twickenham
Streatham,LONDON,streatham london
Stroud Green,LONDON,stroud green london
Sudbury,HARROW: WEMBLEY,sudbury harrow
Sundridge,BROMLEY,sundridge bromley
Surbiton,SURBITON,surbiton surbiton
Surrey Quays,LONDON,surrey quays london
Sutton,SUTTON,sutton sutton
Swiss Cottage,LONDON,swiss cottage london
Sydenham,LONDON,sydenham london
Sydenham Hill,LONDON,sydenham hill london
Teddington,TEDDINGTON,teddington teddington
Temple,LONDON,temple london
Temple Fortune,BARNET,temple fortune barnet
Thamesmead,LONDON: ERITH,thamesmead london
Thornton Heath,THORNTON HEATH,thornton heath thornton heath
Tokyngton,WEMBLEY,tokyngton wembley
Tolworth,SURBITON,tolworth surbiton
Tooting,LONDON,tooting london
Tooting Bec,LONDON,tooting bec london
Tottenham,LONDON,tottenham london
Tottenham Green,LONDON,tottenham green london
Tottenham Hale,LONDON,tottenham hale london
Totteridge,LONDON,totteridge london
Tower Hill,LONDON,tower hill london
Tufnell Park,LONDON,tufnell park london
Tulse Hill,LONDON,tulse hill london
Turnpike Lane,LONDON,turnpike lane london
Twickenham,TWICKENHAM,twickenham twickenham
Upminster,UPMINSTER,upminster upminster
Upminster Bridge,HORNCHURCH,upminster bridge hornchurch
Upper Clapton,LONDON,upper clapton london
Upper Holloway,LONDON,upper holloway london
Upper Norwood,LONDON,upper norwood london
Upper Ruxley,SIDCUP: ORPINGTON,upper ruxley sidcup
Upper Walthamstow,LONDON,upper walthamstow london
Upton,BEXLEYHEATH,upton bexleyheath
Upton Park,LONDON,upton park london
Uxbridge,UXBRIDGE,uxbridge uxbridge
Vauxhall,LONDON,vauxhall london
Waddon,CROYDON,waddon croydon
Wallington,WALLINGTON,wallington wallington
Walthamstow,LONDON,walthamstow london
Walthamstow Village,LONDON,walthamstow village london
Walworth,LONDON,walworth london
Wandsworth,LONDON,wandsworth london
Wanstead,LONDON,wanstead london
Wapping,LONDON,wapping london
Wealdstone,HARROW,wealdstone harrow
Well Hall,LONDON,well hall london
Welling,WELLING,welling welling
Wembley,WEMBLEY,wembley wembley
Wembley Park,WEMBLEY,wembley park wembley
Wennington,RAINHAM,wennington rainham
West Brompton,LONDON,west brompton london
West Drayton,WEST DRAYTON,west drayton west drayton
West Ealing,LONDON,west ealing london
West Green,LONDON,west green london
West Hackney,LONDON,west hackney london
West Ham,LONDON,west ham london
West Hampstead,LONDON,west hampstead london
West Harrow,HARROW,west harrow harrow
West Heath,LONDON,west heath london
West Hendon,LONDON,west hendon london
West Kensington,LONDON,west kensington london
West Norwood,LONDON,west norwood london
West Wickham,WEST WICKHAM,west wickham west wickham
Westcombe Park,LONDON,westcombe park london
Westminster,LONDON,westminster london
Whetstone,LONDON,whetstone london
White City,LONDON,white city london
Whitechapel,LONDON,whitechapel london
Widmore,BROMLEY,widmore bromley
Whitton,TWICKENHAM,whitton twickenham
Willesden,LONDON,willesden london
Wimbledon,LONDON,wimbledon london
Winchmore Hill,LONDON,winchmore hill london
Wood Green,LONDON,wood green london
Woodford,LONDON,woodford london
Woodford Green,LONDON: WOODFORD GREEN,woodford green london
Woodlands,ISLEWORTH,woodlands isleworth
Woodside,CROYDON,woodside croydon
Woodside Park,LONDON,woodside park london
Woolwich,LONDON,woolwich london
Worcester Park,WORCESTER PARK,worcester park worcester park
Wormwood Scrubs,LONDON,wormwood scrubs london
Yeading,HAYES,yeading hayes
Yiewsley,WEST DRAYTON,yiewsley west drayton
